{"cameraMode":{"drawMode":0,"name":"Shaded","section":"Shading Mode"},"sceneLighting":true,"audioPlay":false,"sceneViewState":{"showFog":true,"showMaterialUpdate":false,"showSkybox":true,"showFlares":true,"showImageEffects":true,"showParticleSystems":true},"in2DMode":false,"pivot":{"x":3.097093105316162,"y":-5.301100254058838,"z":4.311634063720703},"rotation":{"x":0.29455798864364626,"y":0.3380534052848816,"z":-0.11229172348976135,"w":0.8867619633674622},"size":10.898777961730957,"orthographic":false}